code,system
8H4f.00,readv2
ZL5B400,readv2
8H49.00,readv2
ZL5B.00,readv2
ZL5B300,readv2
8HJ3.00,readv2
ZL5B500,readv2
ZL62A00,readv2
ZL62B00,readv2
8HHT.00,readv2
ZL77.00,readv2
8H2T.00,readv2
8H23000,readv2
8H38.00,readv2
8HlB.00,readv2
ZL5B100,readv2
8HHR.00,readv2
64R7.11,readv2
ZL78.00,readv2
ZL78.11,readv2
8H7T.00,readv2
8H4P.00,readv2
ZL5B111,readv2
8H4D.00,readv2
8HVS.00,readv2
8H3Q.00,readv2
ZL5B200,readv2
8HlD.00,readv2
8HHn.00,readv2
8Hc0.00,readv2
8HHo.00,readv2
ZL62E00,readv2
8HHu.00,readv2
8HHv.00,readv2
8HVO.00,readv2
8HVi.00,readv2
8HHs.00,readv2
8H2L.00,readv2
8H23.00,readv2
8Hc..00,readv2
8Hc2.00,readv2